"RowIndex","Prediction"
1,-7.46811987903288
2,-25.0923273158532
3,17.3647647977228
4,16.0936231751744
5,0.0577812717307965
6,29.8892381964742
7,11.1102165385139
8,7.19720237294252
9,13.3943682174415
10,-0.818686352461041
11,-0.271725556807218
12,-13.16453785476
13,-7.37114024679825
14,29.4017471395719
15,3.92755649613472
16,-10.3540986017359
17,4.83539618161457
18,-13.4097299546822
19,-8.43801665301735
20,-15.9452040927628
21,-17.0688769639184
22,-8.1477211828517
23,-8.22884110972149
24,17.7599101332097
25,-7.06538641284831
26,6.2980487335462
27,-11.9686533759689
28,-6.61431651520661
29,2.98876158816968
30,-11.4859830145756
31,6.30952729514627
32,9.71925066567846
33,10.1330763896015
34,-8.84447109791589
35,-6.82710285645542
36,-8.37940651768437
37,8.80230081733656
38,12.5857750551895
39,-13.8279185618951
40,30.8405173775567
41,-15.1008887948717
42,15.0367175491138
43,-14.6041411728588
44,-16.1780914418025
45,6.31577734002116
46,-5.54298756749589
47,5.15849518229715
48,-16.9549757615514
49,-11.494466049941
50,-6.53491707848868
51,-8.55862686992627
52,18.9022929637754
53,18.774812853691
54,-7.08337843266423
55,21.5678885230997
56,-22.8106794699597
57,-9.68681162215442
58,23.2127843010957
59,-0.493287054886477
60,-9.73065025105059
61,13.6641904464701
62,-8.71402629744374
63,-6.61431651520661
64,32.6303429304557
65,-3.14432572454609
66,16.9605429923499
67,24.26201851612
68,-14.6841058375107
69,8.36312225624051
70,-9.48880360701596
71,28.8162605724531
72,31.4862103799795
73,31.8269929230047
74,-4.50568435260517
75,-6.75435209288311
76,6.55790324093712
77,-6.52920919745557
78,-3.84004305380738
79,-6.089183604064
80,8.78294556426265
81,-15.9683709859081
82,-2.50294542210726
83,27.1236310290506
84,-3.93527715146052
85,-1.08966498594574
86,-11.4814100269949
87,-14.5682579400257
88,8.6786249700693
89,-26.2922373583319
90,-13.9557798570239
