mapping_id,output_table,target_field,source_format,json_source_path,xml_source_path,transformation_or_derivation,overlap_or_conflict_rule,notebook_evidence
MAP-orders-01,orders,order_id,both,orders[].header.orderID,/OperationsExport/Orders/Order/Header/Order_ID,Trim surrounding whitespace; preserve leading zeros and source case; output as string.,"Deduplicate within each source by order_id; compare normalised non-missing values for the same order_id across JSON and XML; require agreement, record any conflict in validation, and retain one canonical value.",SEC-1.1-JSON-PROFILE | SEC-1.2-XML-PROFILE | SEC-1.3-SOURCE-COMPARISON | SEC-2-MAPPING-AUDIT
MAP-orders-02,orders,source_system_record_id,both,orders[].header.sourceSystemRecordID,/OperationsExport/Orders/Order/Header/Source_System_Record_ID,Trim surrounding whitespace; preserve leading zeros and source case; output as string.,"Deduplicate within each source by order_id; compare normalised non-missing values for the same order_id across JSON and XML; require agreement, record any conflict in validation, and retain one canonical value.",SEC-1.1-JSON-PROFILE | SEC-1.2-XML-PROFILE | SEC-1.3-SOURCE-COMPARISON | SEC-2-MAPPING-AUDIT
MAP-orders-03,orders,customer_id,both,orders[].header.customerID,/OperationsExport/Orders/Order/Header/Customer_ID,Trim surrounding whitespace; preserve leading zeros and source case; output as string.,"Deduplicate within each source by order_id; compare normalised non-missing values for the same order_id across JSON and XML; require agreement, record any conflict in validation, and retain one canonical value.",SEC-1.1-JSON-PROFILE | SEC-1.2-XML-PROFILE | SEC-1.3-SOURCE-COMPARISON | SEC-2-MAPPING-AUDIT
MAP-orders-04,orders,order_timestamp,both,orders[].header.orderTimestamp,/OperationsExport/Orders/Order/Header/Order_Timestamp,Parse the source-specific timestamp representation and format as YYYY-MM-DD HH:MM:SS.,"Deduplicate within each source by order_id; compare normalised non-missing values for the same order_id across JSON and XML; require agreement, record any conflict in validation, and retain one canonical value.",SEC-1.1-JSON-PROFILE | SEC-1.2-XML-PROFILE | SEC-1.3-SOURCE-COMPARISON | SEC-2-MAPPING-AUDIT
MAP-orders-05,orders,sales_channel,both,orders[].header.salesChannel,/OperationsExport/Orders/Order/Header/Sales_Channel,Unicode NFC-normalise and trim surrounding whitespace; preserve the published identifier/category case.,"Deduplicate within each source by order_id; compare normalised non-missing values for the same order_id across JSON and XML; require agreement, record any conflict in validation, and retain one canonical value.",SEC-1.1-JSON-PROFILE | SEC-1.2-XML-PROFILE | SEC-1.3-SOURCE-COMPARISON | SEC-2-MAPPING-AUDIT
MAP-orders-06,orders,payment_method,both,orders[].header.paymentMethod,/OperationsExport/Orders/Order/Header/Payment_Method,Unicode NFC-normalise and trim surrounding whitespace; preserve the published identifier/category case.,"Deduplicate within each source by order_id; compare normalised non-missing values for the same order_id across JSON and XML; require agreement, record any conflict in validation, and retain one canonical value.",SEC-1.1-JSON-PROFILE | SEC-1.2-XML-PROFILE | SEC-1.3-SOURCE-COMPARISON | SEC-2-MAPPING-AUDIT
MAP-orders-07,orders,currency,both,orders[].header.currency,/OperationsExport/Orders/Order/Header/Currency,Unicode NFC-normalise and trim surrounding whitespace; preserve the published identifier/category case.,"Deduplicate within each source by order_id; compare normalised non-missing values for the same order_id across JSON and XML; require agreement, record any conflict in validation, and retain one canonical value.",SEC-1.1-JSON-PROFILE | SEC-1.2-XML-PROFILE | SEC-1.3-SOURCE-COMPARISON | SEC-2-MAPPING-AUDIT
MAP-orders-08,orders,nearest_warehouse,both,orders[].header.nearestWarehouse,/OperationsExport/Orders/Order/Header/Nearest_Warehouse,Unicode NFC-normalise and trim surrounding whitespace; preserve the published identifier/category case.,"Deduplicate within each source by order_id; compare normalised non-missing values for the same order_id across JSON and XML; require agreement, record any conflict in validation, and retain one canonical value.",SEC-1.1-JSON-PROFILE | SEC-1.2-XML-PROFILE | SEC-1.3-SOURCE-COMPARISON | SEC-2-MAPPING-AUDIT
MAP-orders-09,orders,order_status,both,orders[].header.orderStatus,/OperationsExport/Orders/Order/Header/Order_Status,Unicode NFC-normalise and trim surrounding whitespace; preserve the published identifier/category case.,"Deduplicate within each source by order_id; compare normalised non-missing values for the same order_id across JSON and XML; require agreement, record any conflict in validation, and retain one canonical value.",SEC-1.1-JSON-PROFILE | SEC-1.2-XML-PROFILE | SEC-1.3-SOURCE-COMPARISON | SEC-2-MAPPING-AUDIT
MAP-orders-10,orders,order_price,derived,orders[].shoppingCart[].quantity | orders[].shoppingCart[].unitPrice | orders[].header.orderPrice,/OperationsExport/Orders/Order/Shopping_Cart/Item/Quantity | /OperationsExport/Orders/Order/Shopping_Cart/Item/Unit_Price | /OperationsExport/Orders/Order/Header/Order_Price,"Calculate each rounded line_revenue from quantity * unit_price, then sum by order_id and round the order_price to two decimal places; use the reported source field only for validation.","Reconcile source inputs by order_id, recompute deterministically from canonical inputs, compare normalised JSON/XML results and any reported source value, and record mismatches in validation.",SEC-1.1-JSON-PROFILE | SEC-1.2-XML-PROFILE | SEC-1.3-SOURCE-COMPARISON | SEC-2-MAPPING-AUDIT
MAP-orders-11,orders,delivery_charges,both,orders[].header.deliveryCharges,/OperationsExport/Orders/Order/Header/Delivery_Charges,Keep JSON numeric values; remove XML currency labels and thousands separators; convert to number; round to two decimal places.,"Deduplicate within each source by order_id; compare normalised non-missing values for the same order_id across JSON and XML; require agreement, record any conflict in validation, and retain one canonical value.",SEC-1.1-JSON-PROFILE | SEC-1.2-XML-PROFILE | SEC-1.3-SOURCE-COMPARISON | SEC-2-MAPPING-AUDIT
MAP-orders-12,orders,coupon_code,both,orders[].header.couponCode,/OperationsExport/Orders/Order/Header/Coupon_Code,Unicode-normalise and trim the string; use the literal string NaN for the prescribed missing string result.,"Deduplicate within each source by order_id; compare normalised non-missing values for the same order_id across JSON and XML; require agreement, record any conflict in validation, and retain one canonical value.",SEC-1.1-JSON-PROFILE | SEC-1.2-XML-PROFILE | SEC-1.3-SOURCE-COMPARISON | SEC-2-MAPPING-AUDIT
MAP-orders-13,orders,coupon_discount,both,orders[].header.couponDiscount,/OperationsExport/Orders/Order/Header/Coupon_Discount,Keep JSON numeric percentage points; remove the XML percent sign and convert to numeric percentage points.,"Deduplicate within each source by order_id; compare normalised non-missing values for the same order_id across JSON and XML; require agreement, record any conflict in validation, and retain one canonical value.",SEC-1.1-JSON-PROFILE | SEC-1.2-XML-PROFILE | SEC-1.3-SOURCE-COMPARISON | SEC-2-MAPPING-AUDIT
MAP-orders-14,orders,tax_amount,derived,orders[].shoppingCart[].quantity | orders[].shoppingCart[].unitPrice | orders[].header.taxAmount,/OperationsExport/Orders/Order/Shopping_Cart/Item/Quantity | /OperationsExport/Orders/Order/Shopping_Cart/Item/Unit_Price | /OperationsExport/Orders/Order/Header/Tax_Amount,"Derive canonical order_price from rounded line revenues, then calculate included GST as round(order_price / 11, 2) before discount; use the reported source field only for validation.","Reconcile source inputs by order_id, recompute deterministically from canonical inputs, compare normalised JSON/XML results and any reported source value, and record mismatches in validation.",SEC-1.1-JSON-PROFILE | SEC-1.2-XML-PROFILE | SEC-1.3-SOURCE-COMPARISON | SEC-2-MAPPING-AUDIT
MAP-orders-15,orders,order_total,derived,orders[].shoppingCart[].quantity | orders[].shoppingCart[].unitPrice | orders[].header.couponDiscount | orders[].header.deliveryCharges | orders[].header.orderTotal,/OperationsExport/Orders/Order/Shopping_Cart/Item/Quantity | /OperationsExport/Orders/Order/Shopping_Cart/Item/Unit_Price | /OperationsExport/Orders/Order/Header/Coupon_Discount | /OperationsExport/Orders/Order/Header/Delivery_Charges | /OperationsExport/Orders/Order/Header/Order_Total,"Derive order_price from rounded line revenues; apply coupon_discount to order_price, add delivery_charges, and round to two decimal places; do not add tax_amount again; use reported order_total only for validation.","Reconcile source inputs by order_id, recompute deterministically from canonical inputs, compare normalised JSON/XML results and any reported source value, and record mismatches in validation.",SEC-1.1-JSON-PROFILE | SEC-1.2-XML-PROFILE | SEC-1.3-SOURCE-COMPARISON | SEC-2-MAPPING-AUDIT
MAP-orders-16,orders,season,both,orders[].header.season,/OperationsExport/Orders/Order/Header/Season,Unicode NFC-normalise and trim surrounding whitespace; preserve the published identifier/category case.,"Deduplicate within each source by order_id; compare normalised non-missing values for the same order_id across JSON and XML; require agreement, record any conflict in validation, and retain one canonical value.",SEC-1.1-JSON-PROFILE | SEC-1.2-XML-PROFILE | SEC-1.3-SOURCE-COMPARISON | SEC-2-MAPPING-AUDIT
MAP-orders-17,orders,expedited_delivery,both,orders[].header.expeditedDelivery,/OperationsExport/Orders/Order/Header/Expedited_Delivery,Keep JSON booleans; map XML boolean alternatives to Python bool; export as True or False.,"Deduplicate within each source by order_id; compare normalised non-missing values for the same order_id across JSON and XML; require agreement, record any conflict in validation, and retain one canonical value.",SEC-1.1-JSON-PROFILE | SEC-1.2-XML-PROFILE | SEC-1.3-SOURCE-COMPARISON | SEC-2-MAPPING-AUDIT
MAP-orders-18,orders,customer_lat,both,orders[].header.customerLat,/OperationsExport/Orders/Order/Header/Customer_Lat,Convert to numeric without changing the field meaning; retain published precision unless a field rule requires rounding.,"Deduplicate within each source by order_id; compare normalised non-missing values for the same order_id across JSON and XML; require agreement, record any conflict in validation, and retain one canonical value.",SEC-1.1-JSON-PROFILE | SEC-1.2-XML-PROFILE | SEC-1.3-SOURCE-COMPARISON | SEC-2-MAPPING-AUDIT
MAP-orders-19,orders,customer_long,both,orders[].header.customerLong,/OperationsExport/Orders/Order/Header/Customer_Long,Convert to numeric without changing the field meaning; retain published precision unless a field rule requires rounding.,"Deduplicate within each source by order_id; compare normalised non-missing values for the same order_id across JSON and XML; require agreement, record any conflict in validation, and retain one canonical value.",SEC-1.1-JSON-PROFILE | SEC-1.2-XML-PROFILE | SEC-1.3-SOURCE-COMPARISON | SEC-2-MAPPING-AUDIT
MAP-orders-20,orders,device_type,both,orders[].header.deviceType,/OperationsExport/Orders/Order/Header/Device_Type,Unicode NFC-normalise and trim surrounding whitespace; preserve the published identifier/category case.,"Deduplicate within each source by order_id; compare normalised non-missing values for the same order_id across JSON and XML; require agreement, record any conflict in validation, and retain one canonical value.",SEC-1.1-JSON-PROFILE | SEC-1.2-XML-PROFILE | SEC-1.3-SOURCE-COMPARISON | SEC-2-MAPPING-AUDIT
MAP-orders-21,orders,referral_source,both,orders[].header.referralSource,/OperationsExport/Orders/Order/Header/Referral_Source,Unicode NFC-normalise and trim surrounding whitespace; preserve the published identifier/category case.,"Deduplicate within each source by order_id; compare normalised non-missing values for the same order_id across JSON and XML; require agreement, record any conflict in validation, and retain one canonical value.",SEC-1.1-JSON-PROFILE | SEC-1.2-XML-PROFILE | SEC-1.3-SOURCE-COMPARISON | SEC-2-MAPPING-AUDIT
MAP-orders-22,orders,customer_note_clean,derived,orders[].header.customerNote,/OperationsExport/Orders/Order/Header/Customer_Note,"Run clean_narrative_text on the structured raw note after reference extraction; decode entities, apply NFC, remove published markup/markers/URLs/emoji, collapse whitespace, lower-case, and return literal NaN if empty.","Reconcile source inputs by order_id, recompute deterministically from canonical inputs, compare normalised JSON/XML results and any reported source value, and record mismatches in validation.",SEC-1.1-JSON-PROFILE | SEC-1.2-XML-PROFILE | SEC-1.3-SOURCE-COMPARISON | SEC-2-MAPPING-AUDIT
MAP-orders-23,orders,promo_code,derived,orders[].header.customerNote,/OperationsExport/Orders/Order/Header/Customer_Note,Extract a bounded B1SAVE- to B5SAVE- code followed by exactly two digits from the structured raw note; return upper case or literal NaN.,"Reconcile source inputs by order_id, recompute deterministically from canonical inputs, compare normalised JSON/XML results and any reported source value, and record mismatches in validation.",SEC-1.1-JSON-PROFILE | SEC-1.2-XML-PROFILE | SEC-1.3-SOURCE-COMPARISON | SEC-2-MAPPING-AUDIT
MAP-order_items-01,order_items,order_item_id,both,orders[].shoppingCart[].orderItemID,/OperationsExport/Orders/Order/Shopping_Cart/Item/Order_Item_ID,Trim surrounding whitespace; preserve leading zeros and source case; output as string.,"Deduplicate within each source by order_item_id; compare normalised non-missing values for the same order_item_id across JSON and XML; require agreement, record any conflict in validation, and retain one canonical value.",SEC-1.1-JSON-PROFILE | SEC-1.2-XML-PROFILE | SEC-1.3-SOURCE-COMPARISON | SEC-2-MAPPING-AUDIT
MAP-order_items-02,order_items,order_id,both,orders[].shoppingCart[].orderID,/OperationsExport/Orders/Order/Shopping_Cart/Item/Order_ID,Trim surrounding whitespace; preserve leading zeros and source case; output as string.,"Deduplicate within each source by order_item_id; compare normalised non-missing values for the same order_item_id across JSON and XML; require agreement, record any conflict in validation, and retain one canonical value.",SEC-1.1-JSON-PROFILE | SEC-1.2-XML-PROFILE | SEC-1.3-SOURCE-COMPARISON | SEC-2-MAPPING-AUDIT
MAP-order_items-03,order_items,product_id,both,orders[].shoppingCart[].productID,/OperationsExport/Orders/Order/Shopping_Cart/Item/Product_ID,Trim surrounding whitespace; preserve leading zeros and source case; output as string.,"Deduplicate within each source by order_item_id; compare normalised non-missing values for the same order_item_id across JSON and XML; require agreement, record any conflict in validation, and retain one canonical value.",SEC-1.1-JSON-PROFILE | SEC-1.2-XML-PROFILE | SEC-1.3-SOURCE-COMPARISON | SEC-2-MAPPING-AUDIT
MAP-order_items-04,order_items,quantity,both,orders[].shoppingCart[].quantity,/OperationsExport/Orders/Order/Shopping_Cart/Item/Quantity,Convert to numeric without changing the field meaning; retain published precision unless a field rule requires rounding.,"Deduplicate within each source by order_item_id; compare normalised non-missing values for the same order_item_id across JSON and XML; require agreement, record any conflict in validation, and retain one canonical value.",SEC-1.1-JSON-PROFILE | SEC-1.2-XML-PROFILE | SEC-1.3-SOURCE-COMPARISON | SEC-2-MAPPING-AUDIT
MAP-order_items-05,order_items,unit_price,both,orders[].shoppingCart[].unitPrice,/OperationsExport/Orders/Order/Shopping_Cart/Item/Unit_Price,Keep JSON numeric values; remove XML currency labels and thousands separators; convert to number; round to two decimal places.,"Deduplicate within each source by order_item_id; compare normalised non-missing values for the same order_item_id across JSON and XML; require agreement, record any conflict in validation, and retain one canonical value.",SEC-1.1-JSON-PROFILE | SEC-1.2-XML-PROFILE | SEC-1.3-SOURCE-COMPARISON | SEC-2-MAPPING-AUDIT
MAP-order_items-06,order_items,line_revenue,derived,orders[].shoppingCart[].quantity | orders[].shoppingCart[].unitPrice | orders[].shoppingCart[].lineRevenue,/OperationsExport/Orders/Order/Shopping_Cart/Item/Quantity | /OperationsExport/Orders/Order/Shopping_Cart/Item/Unit_Price | /OperationsExport/Orders/Order/Shopping_Cart/Item/Line_Revenue,"Calculate round(quantity * unit_price, 2) for every canonical order item; use reported source line revenue only for validation.","Reconcile source inputs by order_item_id, recompute deterministically from canonical inputs, compare normalised JSON/XML results and any reported source value, and record mismatches in validation.",SEC-1.1-JSON-PROFILE | SEC-1.2-XML-PROFILE | SEC-1.3-SOURCE-COMPARISON | SEC-2-MAPPING-AUDIT
MAP-customers-01,customers,customer_id,JSON,customerProfiles[].customerID,,Trim surrounding whitespace; preserve leading zeros and source case; output as string.,Deduplicate JSON records by customer_id; require duplicate non-missing values to agree after normalisation; record conflicts in validation and retain one canonical value.,SEC-1.1-JSON-PROFILE | SEC-1.3-SOURCE-COMPARISON | SEC-2-MAPPING-AUDIT
MAP-customers-02,customers,signup_date,JSON,customerProfiles[].signupDate,,Parse the source-specific date representation and format as YYYY-MM-DD.,Deduplicate JSON records by customer_id; require duplicate non-missing values to agree after normalisation; record conflicts in validation and retain one canonical value.,SEC-1.1-JSON-PROFILE | SEC-1.3-SOURCE-COMPARISON | SEC-2-MAPPING-AUDIT
MAP-customers-03,customers,loyalty_tier,JSON,customerProfiles[].loyaltyTier,,Unicode NFC-normalise and trim surrounding whitespace; preserve the published identifier/category case.,Deduplicate JSON records by customer_id; require duplicate non-missing values to agree after normalisation; record conflicts in validation and retain one canonical value.,SEC-1.1-JSON-PROFILE | SEC-1.3-SOURCE-COMPARISON | SEC-2-MAPPING-AUDIT
MAP-customers-04,customers,customer_segment,JSON,customerProfiles[].customerSegment,,Unicode NFC-normalise and trim surrounding whitespace; preserve the published identifier/category case.,Deduplicate JSON records by customer_id; require duplicate non-missing values to agree after normalisation; record conflicts in validation and retain one canonical value.,SEC-1.1-JSON-PROFILE | SEC-1.3-SOURCE-COMPARISON | SEC-2-MAPPING-AUDIT
MAP-customers-05,customers,age_band,JSON,customerProfiles[].ageBand,,Unicode NFC-normalise and trim surrounding whitespace; preserve the published identifier/category case.,Deduplicate JSON records by customer_id; require duplicate non-missing values to agree after normalisation; record conflicts in validation and retain one canonical value.,SEC-1.1-JSON-PROFILE | SEC-1.3-SOURCE-COMPARISON | SEC-2-MAPPING-AUDIT
MAP-customers-06,customers,preferred_channel,JSON,customerProfiles[].preferredChannel,,Unicode NFC-normalise and trim surrounding whitespace; preserve the published identifier/category case.,Deduplicate JSON records by customer_id; require duplicate non-missing values to agree after normalisation; record conflicts in validation and retain one canonical value.,SEC-1.1-JSON-PROFILE | SEC-1.3-SOURCE-COMPARISON | SEC-2-MAPPING-AUDIT
MAP-customers-07,customers,home_suburb,JSON,customerProfiles[].homeSuburb,,Unicode NFC-normalise and trim surrounding whitespace; preserve the published identifier/category case.,Deduplicate JSON records by customer_id; require duplicate non-missing values to agree after normalisation; record conflicts in validation and retain one canonical value.,SEC-1.1-JSON-PROFILE | SEC-1.3-SOURCE-COMPARISON | SEC-2-MAPPING-AUDIT
MAP-customers-08,customers,prior_12m_orders,JSON,customerProfiles[].prior12MOrders,,Convert to numeric without changing the field meaning; retain published precision unless a field rule requires rounding.,Deduplicate JSON records by customer_id; require duplicate non-missing values to agree after normalisation; record conflicts in validation and retain one canonical value.,SEC-1.1-JSON-PROFILE | SEC-1.3-SOURCE-COMPARISON | SEC-2-MAPPING-AUDIT
MAP-customers-09,customers,lifetime_value_before_period,JSON,customerProfiles[].lifetimeValueBeforePeriod,,Convert the JSON numeric value to number; round to two decimal places where required by the comparison rule.,Deduplicate JSON records by customer_id; require duplicate non-missing values to agree after normalisation; record conflicts in validation and retain one canonical value.,SEC-1.1-JSON-PROFILE | SEC-1.3-SOURCE-COMPARISON | SEC-2-MAPPING-AUDIT
MAP-customers-10,customers,marketing_consent,JSON,customerProfiles[].marketingConsent,,Convert the JSON boolean to Python bool and export as True or False.,Deduplicate JSON records by customer_id; require duplicate non-missing values to agree after normalisation; record conflicts in validation and retain one canonical value.,SEC-1.1-JSON-PROFILE | SEC-1.3-SOURCE-COMPARISON | SEC-2-MAPPING-AUDIT
MAP-customers-11,customers,home_postcode,JSON,customerProfiles[].homePostcode,,Trim surrounding whitespace; output as string and preserve leading zeros.,Deduplicate JSON records by customer_id; require duplicate non-missing values to agree after normalisation; record conflicts in validation and retain one canonical value.,SEC-1.1-JSON-PROFILE | SEC-1.3-SOURCE-COMPARISON | SEC-2-MAPPING-AUDIT
MAP-customers-12,customers,home_state,JSON,customerProfiles[].homeState,,Unicode NFC-normalise and trim surrounding whitespace; preserve the published identifier/category case.,Deduplicate JSON records by customer_id; require duplicate non-missing values to agree after normalisation; record conflicts in validation and retain one canonical value.,SEC-1.1-JSON-PROFILE | SEC-1.3-SOURCE-COMPARISON | SEC-2-MAPPING-AUDIT
MAP-customers-13,customers,home_country,JSON,customerProfiles[].homeCountry,,Unicode NFC-normalise and trim surrounding whitespace; preserve the published identifier/category case.,Deduplicate JSON records by customer_id; require duplicate non-missing values to agree after normalisation; record conflicts in validation and retain one canonical value.,SEC-1.1-JSON-PROFILE | SEC-1.3-SOURCE-COMPARISON | SEC-2-MAPPING-AUDIT
MAP-customers-14,customers,preferred_language,JSON,customerProfiles[].preferredLanguage,,Unicode NFC-normalise and trim surrounding whitespace; preserve the published identifier/category case.,Deduplicate JSON records by customer_id; require duplicate non-missing values to agree after normalisation; record conflicts in validation and retain one canonical value.,SEC-1.1-JSON-PROFILE | SEC-1.3-SOURCE-COMPARISON | SEC-2-MAPPING-AUDIT
MAP-customers-15,customers,acquisition_source,JSON,customerProfiles[].acquisitionSource,,Unicode NFC-normalise and trim surrounding whitespace; preserve the published identifier/category case.,Deduplicate JSON records by customer_id; require duplicate non-missing values to agree after normalisation; record conflicts in validation and retain one canonical value.,SEC-1.1-JSON-PROFILE | SEC-1.3-SOURCE-COMPARISON | SEC-2-MAPPING-AUDIT
MAP-customers-16,customers,account_status,JSON,customerProfiles[].accountStatus,,Unicode NFC-normalise and trim surrounding whitespace; preserve the published identifier/category case.,Deduplicate JSON records by customer_id; require duplicate non-missing values to agree after normalisation; record conflicts in validation and retain one canonical value.,SEC-1.1-JSON-PROFILE | SEC-1.3-SOURCE-COMPARISON | SEC-2-MAPPING-AUDIT
MAP-customers-17,customers,preferred_device,JSON,customerProfiles[].preferredDevice,,Unicode NFC-normalise and trim surrounding whitespace; preserve the published identifier/category case.,Deduplicate JSON records by customer_id; require duplicate non-missing values to agree after normalisation; record conflicts in validation and retain one canonical value.,SEC-1.1-JSON-PROFILE | SEC-1.3-SOURCE-COMPARISON | SEC-2-MAPPING-AUDIT
MAP-customers-18,customers,email_domain,JSON,customerProfiles[].emailDomain,,Unicode NFC-normalise and trim surrounding whitespace; preserve the published identifier/category case.,Deduplicate JSON records by customer_id; require duplicate non-missing values to agree after normalisation; record conflicts in validation and retain one canonical value.,SEC-1.1-JSON-PROFILE | SEC-1.3-SOURCE-COMPARISON | SEC-2-MAPPING-AUDIT
MAP-customers-19,customers,household_size_band,JSON,customerProfiles[].householdSizeBand,,Unicode NFC-normalise and trim surrounding whitespace; preserve the published identifier/category case.,Deduplicate JSON records by customer_id; require duplicate non-missing values to agree after normalisation; record conflicts in validation and retain one canonical value.,SEC-1.1-JSON-PROFILE | SEC-1.3-SOURCE-COMPARISON | SEC-2-MAPPING-AUDIT
MAP-customers-20,customers,contact_frequency_preference,JSON,customerProfiles[].contactFrequencyPreference,,Unicode NFC-normalise and trim surrounding whitespace; preserve the published identifier/category case.,Deduplicate JSON records by customer_id; require duplicate non-missing values to agree after normalisation; record conflicts in validation and retain one canonical value.,SEC-1.1-JSON-PROFILE | SEC-1.3-SOURCE-COMPARISON | SEC-2-MAPPING-AUDIT
MAP-deliveries-01,deliveries,delivery_id,both,orders[].delivery.deliveryID,/OperationsExport/Orders/Order/Delivery/Delivery_ID,Trim surrounding whitespace; preserve leading zeros and source case; output as string.,"Deduplicate within each source by delivery_id; compare normalised non-missing values for the same delivery_id across JSON and XML; require agreement, record any conflict in validation, and retain one canonical value.",SEC-1.1-JSON-PROFILE | SEC-1.2-XML-PROFILE | SEC-1.3-SOURCE-COMPARISON | SEC-2-MAPPING-AUDIT
MAP-deliveries-02,deliveries,order_id,both,orders[].delivery.orderID,/OperationsExport/Orders/Order/Delivery/Order_ID,Trim surrounding whitespace; preserve leading zeros and source case; output as string.,"Deduplicate within each source by delivery_id; compare normalised non-missing values for the same delivery_id across JSON and XML; require agreement, record any conflict in validation, and retain one canonical value.",SEC-1.1-JSON-PROFILE | SEC-1.2-XML-PROFILE | SEC-1.3-SOURCE-COMPARISON | SEC-2-MAPPING-AUDIT
MAP-deliveries-03,deliveries,dispatch_date,both,orders[].delivery.dispatchDate,/OperationsExport/Orders/Order/Delivery/Dispatch_Date,Parse the source-specific date representation and format as YYYY-MM-DD.,"Deduplicate within each source by delivery_id; compare normalised non-missing values for the same delivery_id across JSON and XML; require agreement, record any conflict in validation, and retain one canonical value.",SEC-1.1-JSON-PROFILE | SEC-1.2-XML-PROFILE | SEC-1.3-SOURCE-COMPARISON | SEC-2-MAPPING-AUDIT
MAP-deliveries-04,deliveries,promised_date,both,orders[].delivery.promisedDate,/OperationsExport/Orders/Order/Delivery/Promised_Date,Parse the source-specific date representation and format as YYYY-MM-DD.,"Deduplicate within each source by delivery_id; compare normalised non-missing values for the same delivery_id across JSON and XML; require agreement, record any conflict in validation, and retain one canonical value.",SEC-1.1-JSON-PROFILE | SEC-1.2-XML-PROFILE | SEC-1.3-SOURCE-COMPARISON | SEC-2-MAPPING-AUDIT
MAP-deliveries-05,deliveries,delivered_date,both,orders[].delivery.deliveredDate,/OperationsExport/Orders/Order/Delivery/Delivered_Date,Parse the source-specific date representation and format as YYYY-MM-DD.,"Deduplicate within each source by delivery_id; compare normalised non-missing values for the same delivery_id across JSON and XML; require agreement, record any conflict in validation, and retain one canonical value.",SEC-1.1-JSON-PROFILE | SEC-1.2-XML-PROFILE | SEC-1.3-SOURCE-COMPARISON | SEC-2-MAPPING-AUDIT
MAP-deliveries-06,deliveries,carrier,both,orders[].delivery.carrier,/OperationsExport/Orders/Order/Delivery/Carrier,Unicode NFC-normalise and trim surrounding whitespace; preserve the published identifier/category case.,"Deduplicate within each source by delivery_id; compare normalised non-missing values for the same delivery_id across JSON and XML; require agreement, record any conflict in validation, and retain one canonical value.",SEC-1.1-JSON-PROFILE | SEC-1.2-XML-PROFILE | SEC-1.3-SOURCE-COMPARISON | SEC-2-MAPPING-AUDIT
MAP-deliveries-07,deliveries,service_level,both,orders[].delivery.serviceLevel,/OperationsExport/Orders/Order/Delivery/Service_Level,Unicode NFC-normalise and trim surrounding whitespace; preserve the published identifier/category case.,"Deduplicate within each source by delivery_id; compare normalised non-missing values for the same delivery_id across JSON and XML; require agreement, record any conflict in validation, and retain one canonical value.",SEC-1.1-JSON-PROFILE | SEC-1.2-XML-PROFILE | SEC-1.3-SOURCE-COMPARISON | SEC-2-MAPPING-AUDIT
MAP-deliveries-08,deliveries,delivery_status,both,orders[].delivery.deliveryStatus,/OperationsExport/Orders/Order/Delivery/Delivery_Status,Unicode NFC-normalise and trim surrounding whitespace; preserve the published identifier/category case.,"Deduplicate within each source by delivery_id; compare normalised non-missing values for the same delivery_id across JSON and XML; require agreement, record any conflict in validation, and retain one canonical value.",SEC-1.1-JSON-PROFILE | SEC-1.2-XML-PROFILE | SEC-1.3-SOURCE-COMPARISON | SEC-2-MAPPING-AUDIT
MAP-deliveries-09,deliveries,delay_days,both,orders[].delivery.delayDays,/OperationsExport/Orders/Order/Delivery/Delay_Days,Convert to numeric without changing the field meaning; retain published precision unless a field rule requires rounding.,"Deduplicate within each source by delivery_id; compare normalised non-missing values for the same delivery_id across JSON and XML; require agreement, record any conflict in validation, and retain one canonical value.",SEC-1.1-JSON-PROFILE | SEC-1.2-XML-PROFILE | SEC-1.3-SOURCE-COMPARISON | SEC-2-MAPPING-AUDIT
MAP-deliveries-10,deliveries,on_time_in_full,both,orders[].delivery.onTimeInFull,/OperationsExport/Orders/Order/Delivery/On_Time_In_Full,Keep JSON booleans; map XML boolean alternatives to Python bool; export as True or False.,"Deduplicate within each source by delivery_id; compare normalised non-missing values for the same delivery_id across JSON and XML; require agreement, record any conflict in validation, and retain one canonical value.",SEC-1.1-JSON-PROFILE | SEC-1.2-XML-PROFILE | SEC-1.3-SOURCE-COMPARISON | SEC-2-MAPPING-AUDIT
MAP-deliveries-11,deliveries,fulfilment_hours,both,orders[].delivery.fulfilmentHours,/OperationsExport/Orders/Order/Delivery/Fulfilment_Hours,Convert to numeric without changing the field meaning; retain published precision unless a field rule requires rounding.,"Deduplicate within each source by delivery_id; compare normalised non-missing values for the same delivery_id across JSON and XML; require agreement, record any conflict in validation, and retain one canonical value.",SEC-1.1-JSON-PROFILE | SEC-1.2-XML-PROFILE | SEC-1.3-SOURCE-COMPARISON | SEC-2-MAPPING-AUDIT
MAP-deliveries-12,deliveries,delivery_cost,both,orders[].delivery.deliveryCost,/OperationsExport/Orders/Order/Delivery/Delivery_Cost,Keep JSON numeric values; remove XML currency labels and thousands separators; convert to number; round to two decimal places.,"Deduplicate within each source by delivery_id; compare normalised non-missing values for the same delivery_id across JSON and XML; require agreement, record any conflict in validation, and retain one canonical value.",SEC-1.1-JSON-PROFILE | SEC-1.2-XML-PROFILE | SEC-1.3-SOURCE-COMPARISON | SEC-2-MAPPING-AUDIT
MAP-deliveries-13,deliveries,delay_reason,both,orders[].delivery.delayReason,/OperationsExport/Orders/Order/Delivery/Delay_Reason,Unicode NFC-normalise and trim surrounding whitespace; preserve the published identifier/category case.,"Deduplicate within each source by delivery_id; compare normalised non-missing values for the same delivery_id across JSON and XML; require agreement, record any conflict in validation, and retain one canonical value.",SEC-1.1-JSON-PROFILE | SEC-1.2-XML-PROFILE | SEC-1.3-SOURCE-COMPARISON | SEC-2-MAPPING-AUDIT
MAP-deliveries-14,deliveries,promised_days,both,orders[].delivery.promisedDays,/OperationsExport/Orders/Order/Delivery/Promised_Days,Convert to numeric without changing the field meaning; retain published precision unless a field rule requires rounding.,"Deduplicate within each source by delivery_id; compare normalised non-missing values for the same delivery_id across JSON and XML; require agreement, record any conflict in validation, and retain one canonical value.",SEC-1.1-JSON-PROFILE | SEC-1.2-XML-PROFILE | SEC-1.3-SOURCE-COMPARISON | SEC-2-MAPPING-AUDIT
MAP-deliveries-15,deliveries,tracking_event_count,both,orders[].delivery.trackingEventCount,/OperationsExport/Orders/Order/Delivery/Tracking_Event_Count,Convert to numeric without changing the field meaning; retain published precision unless a field rule requires rounding.,"Deduplicate within each source by delivery_id; compare normalised non-missing values for the same delivery_id across JSON and XML; require agreement, record any conflict in validation, and retain one canonical value.",SEC-1.1-JSON-PROFILE | SEC-1.2-XML-PROFILE | SEC-1.3-SOURCE-COMPARISON | SEC-2-MAPPING-AUDIT
MAP-deliveries-16,deliveries,delivery_window,both,orders[].delivery.deliveryWindow,/OperationsExport/Orders/Order/Delivery/Delivery_Window,Unicode NFC-normalise and trim surrounding whitespace; preserve the published identifier/category case.,"Deduplicate within each source by delivery_id; compare normalised non-missing values for the same delivery_id across JSON and XML; require agreement, record any conflict in validation, and retain one canonical value.",SEC-1.1-JSON-PROFILE | SEC-1.2-XML-PROFILE | SEC-1.3-SOURCE-COMPARISON | SEC-2-MAPPING-AUDIT
MAP-deliveries-17,deliveries,shipping_distance_km,both,orders[].delivery.shippingDistanceKm,/OperationsExport/Orders/Order/Delivery/Shipping_Distance_Km,Convert to numeric without changing the field meaning; retain published precision unless a field rule requires rounding.,"Deduplicate within each source by delivery_id; compare normalised non-missing values for the same delivery_id across JSON and XML; require agreement, record any conflict in validation, and retain one canonical value.",SEC-1.1-JSON-PROFILE | SEC-1.2-XML-PROFILE | SEC-1.3-SOURCE-COMPARISON | SEC-2-MAPPING-AUDIT
MAP-deliveries-18,deliveries,signature_required,both,orders[].delivery.signatureRequired,/OperationsExport/Orders/Order/Delivery/Signature_Required,Keep JSON booleans; map XML boolean alternatives to Python bool; export as True or False.,"Deduplicate within each source by delivery_id; compare normalised non-missing values for the same delivery_id across JSON and XML; require agreement, record any conflict in validation, and retain one canonical value.",SEC-1.1-JSON-PROFILE | SEC-1.2-XML-PROFILE | SEC-1.3-SOURCE-COMPARISON | SEC-2-MAPPING-AUDIT
MAP-deliveries-19,deliveries,estimated_carbon_kg,both,orders[].delivery.estimatedCarbonKg,/OperationsExport/Orders/Order/Delivery/Estimated_Carbon_Kg,Convert to numeric without changing the field meaning; retain published precision unless a field rule requires rounding.,"Deduplicate within each source by delivery_id; compare normalised non-missing values for the same delivery_id across JSON and XML; require agreement, record any conflict in validation, and retain one canonical value.",SEC-1.1-JSON-PROFILE | SEC-1.2-XML-PROFILE | SEC-1.3-SOURCE-COMPARISON | SEC-2-MAPPING-AUDIT
MAP-deliveries-20,deliveries,delivery_note_clean,derived,orders[].delivery.deliveryNoteClean,/OperationsExport/Orders/Order/Delivery/Delivery_Note_Clean,"Run clean_narrative_text on the structured delivery note; apply the published ordered cleaning, lower-case, and return literal NaN if empty.","Reconcile source inputs by delivery_id, recompute deterministically from canonical inputs, compare normalised JSON/XML results and any reported source value, and record mismatches in validation.",SEC-1.1-JSON-PROFILE | SEC-1.2-XML-PROFILE | SEC-1.3-SOURCE-COMPARISON | SEC-2-MAPPING-AUDIT
MAP-products-01,products,product_id,XML,,/OperationsExport/ProductCatalogue/Product/Product_ID,Trim surrounding whitespace; preserve leading zeros and source case; output as string.,Deduplicate XML records by product_id; require duplicate non-missing values to agree after normalisation; record conflicts in validation and retain one canonical value.,SEC-1.2-XML-PROFILE | SEC-1.3-SOURCE-COMPARISON | SEC-2-MAPPING-AUDIT
MAP-products-02,products,product_name,XML,,/OperationsExport/ProductCatalogue/Product/Product_Name,Unicode NFC-normalise and trim surrounding whitespace; preserve the published identifier/category case.,Deduplicate XML records by product_id; require duplicate non-missing values to agree after normalisation; record conflicts in validation and retain one canonical value.,SEC-1.2-XML-PROFILE | SEC-1.3-SOURCE-COMPARISON | SEC-2-MAPPING-AUDIT
MAP-products-03,products,category,XML,,/OperationsExport/ProductCatalogue/Product/Category,Unicode NFC-normalise and trim surrounding whitespace; preserve the published identifier/category case.,Deduplicate XML records by product_id; require duplicate non-missing values to agree after normalisation; record conflicts in validation and retain one canonical value.,SEC-1.2-XML-PROFILE | SEC-1.3-SOURCE-COMPARISON | SEC-2-MAPPING-AUDIT
MAP-products-04,products,brand,XML,,/OperationsExport/ProductCatalogue/Product/Brand,Unicode NFC-normalise and trim surrounding whitespace; preserve the published identifier/category case.,Deduplicate XML records by product_id; require duplicate non-missing values to agree after normalisation; record conflicts in validation and retain one canonical value.,SEC-1.2-XML-PROFILE | SEC-1.3-SOURCE-COMPARISON | SEC-2-MAPPING-AUDIT
MAP-products-05,products,unit_price,XML,,/OperationsExport/ProductCatalogue/Product/Unit_Price,Remove the XML currency label and thousands separators; convert to number; round to two decimal places.,Deduplicate XML records by product_id; require duplicate non-missing values to agree after normalisation; record conflicts in validation and retain one canonical value.,SEC-1.2-XML-PROFILE | SEC-1.3-SOURCE-COMPARISON | SEC-2-MAPPING-AUDIT
MAP-products-06,products,unit_cost,XML,,/OperationsExport/ProductCatalogue/Product/Unit_Cost,Remove the XML currency label and thousands separators; convert to number; round to two decimal places.,Deduplicate XML records by product_id; require duplicate non-missing values to agree after normalisation; record conflicts in validation and retain one canonical value.,SEC-1.2-XML-PROFILE | SEC-1.3-SOURCE-COMPARISON | SEC-2-MAPPING-AUDIT
MAP-products-07,products,launch_year,XML,,/OperationsExport/ProductCatalogue/Product/Launch_Year,Convert to numeric without changing the field meaning; retain published precision unless a field rule requires rounding.,Deduplicate XML records by product_id; require duplicate non-missing values to agree after normalisation; record conflicts in validation and retain one canonical value.,SEC-1.2-XML-PROFILE | SEC-1.3-SOURCE-COMPARISON | SEC-2-MAPPING-AUDIT
MAP-products-08,products,warranty_months,XML,,/OperationsExport/ProductCatalogue/Product/Warranty_Months,Convert to numeric without changing the field meaning; retain published precision unless a field rule requires rounding.,Deduplicate XML records by product_id; require duplicate non-missing values to agree after normalisation; record conflicts in validation and retain one canonical value.,SEC-1.2-XML-PROFILE | SEC-1.3-SOURCE-COMPARISON | SEC-2-MAPPING-AUDIT
MAP-products-09,products,weight_kg,XML,,/OperationsExport/ProductCatalogue/Product/Weight_Kg,Convert to numeric without changing the field meaning; retain published precision unless a field rule requires rounding.,Deduplicate XML records by product_id; require duplicate non-missing values to agree after normalisation; record conflicts in validation and retain one canonical value.,SEC-1.2-XML-PROFILE | SEC-1.3-SOURCE-COMPARISON | SEC-2-MAPPING-AUDIT
MAP-products-10,products,product_sku,XML,,/OperationsExport/ProductCatalogue/Product/Product_Sku,Unicode NFC-normalise and trim surrounding whitespace; preserve the published identifier/category case.,Deduplicate XML records by product_id; require duplicate non-missing values to agree after normalisation; record conflicts in validation and retain one canonical value.,SEC-1.2-XML-PROFILE | SEC-1.3-SOURCE-COMPARISON | SEC-2-MAPPING-AUDIT
MAP-products-11,products,subcategory,XML,,/OperationsExport/ProductCatalogue/Product/Subcategory,Unicode NFC-normalise and trim surrounding whitespace; preserve the published identifier/category case.,Deduplicate XML records by product_id; require duplicate non-missing values to agree after normalisation; record conflicts in validation and retain one canonical value.,SEC-1.2-XML-PROFILE | SEC-1.3-SOURCE-COMPARISON | SEC-2-MAPPING-AUDIT
MAP-products-12,products,model_family,XML,,/OperationsExport/ProductCatalogue/Product/Model_Family,Unicode NFC-normalise and trim surrounding whitespace; preserve the published identifier/category case.,Deduplicate XML records by product_id; require duplicate non-missing values to agree after normalisation; record conflicts in validation and retain one canonical value.,SEC-1.2-XML-PROFILE | SEC-1.3-SOURCE-COMPARISON | SEC-2-MAPPING-AUDIT
MAP-products-13,products,colour,XML,,/OperationsExport/ProductCatalogue/Product/Colour,Unicode NFC-normalise and trim surrounding whitespace; preserve the published identifier/category case.,Deduplicate XML records by product_id; require duplicate non-missing values to agree after normalisation; record conflicts in validation and retain one canonical value.,SEC-1.2-XML-PROFILE | SEC-1.3-SOURCE-COMPARISON | SEC-2-MAPPING-AUDIT
MAP-products-14,products,supplier_id,XML,,/OperationsExport/ProductCatalogue/Product/Supplier_ID,Trim surrounding whitespace; preserve leading zeros and source case; output as string.,Deduplicate XML records by product_id; require duplicate non-missing values to agree after normalisation; record conflicts in validation and retain one canonical value.,SEC-1.2-XML-PROFILE | SEC-1.3-SOURCE-COMPARISON | SEC-2-MAPPING-AUDIT
MAP-products-15,products,supplier_country,XML,,/OperationsExport/ProductCatalogue/Product/Supplier_Country,Unicode NFC-normalise and trim surrounding whitespace; preserve the published identifier/category case.,Deduplicate XML records by product_id; require duplicate non-missing values to agree after normalisation; record conflicts in validation and retain one canonical value.,SEC-1.2-XML-PROFILE | SEC-1.3-SOURCE-COMPARISON | SEC-2-MAPPING-AUDIT
MAP-products-16,products,launch_date,XML,,/OperationsExport/ProductCatalogue/Product/Launch_Date,Parse the source-specific date representation and format as YYYY-MM-DD.,Deduplicate XML records by product_id; require duplicate non-missing values to agree after normalisation; record conflicts in validation and retain one canonical value.,SEC-1.2-XML-PROFILE | SEC-1.3-SOURCE-COMPARISON | SEC-2-MAPPING-AUDIT
MAP-products-17,products,tax_category,XML,,/OperationsExport/ProductCatalogue/Product/Tax_Category,Unicode NFC-normalise and trim surrounding whitespace; preserve the published identifier/category case.,Deduplicate XML records by product_id; require duplicate non-missing values to agree after normalisation; record conflicts in validation and retain one canonical value.,SEC-1.2-XML-PROFILE | SEC-1.3-SOURCE-COMPARISON | SEC-2-MAPPING-AUDIT
MAP-products-18,products,package_type,XML,,/OperationsExport/ProductCatalogue/Product/Package_Type,Unicode NFC-normalise and trim surrounding whitespace; preserve the published identifier/category case.,Deduplicate XML records by product_id; require duplicate non-missing values to agree after normalisation; record conflicts in validation and retain one canonical value.,SEC-1.2-XML-PROFILE | SEC-1.3-SOURCE-COMPARISON | SEC-2-MAPPING-AUDIT
MAP-products-19,products,recyclable_packaging,XML,,/OperationsExport/ProductCatalogue/Product/Recyclable_Packaging,Map the XML boolean alternative to Python bool and export as True or False.,Deduplicate XML records by product_id; require duplicate non-missing values to agree after normalisation; record conflicts in validation and retain one canonical value.,SEC-1.2-XML-PROFILE | SEC-1.3-SOURCE-COMPARISON | SEC-2-MAPPING-AUDIT
MAP-products-20,products,active_flag,XML,,/OperationsExport/ProductCatalogue/Product/Active_Flag,Map the XML boolean alternative to Python bool and export as True or False.,Deduplicate XML records by product_id; require duplicate non-missing values to agree after normalisation; record conflicts in validation and retain one canonical value.,SEC-1.2-XML-PROFILE | SEC-1.3-SOURCE-COMPARISON | SEC-2-MAPPING-AUDIT
MAP-products-21,products,product_description_clean,derived,,/OperationsExport/ProductCatalogue/Product/Product_Description,"Run clean_narrative_text on the structured XML product description; apply the published ordered cleaning, lower-case, and return literal NaN if empty.","Deduplicate XML inputs by product_id, recompute deterministically from the canonical input, and record any duplicate disagreement or invalid derived result in validation.",SEC-1.1-JSON-PROFILE | SEC-1.2-XML-PROFILE | SEC-1.3-SOURCE-COMPARISON | SEC-2-MAPPING-AUDIT
MAP-product_reviews-01,product_reviews,review_id,both,productReviews[].reviewID,/OperationsExport/ProductReviews/Review/Review_ID,Trim surrounding whitespace; preserve leading zeros and source case; output as string.,"Deduplicate within each source by review_id; compare normalised non-missing values for the same review_id across JSON and XML; require agreement, record any conflict in validation, and retain one canonical value.",SEC-1.1-JSON-PROFILE | SEC-1.2-XML-PROFILE | SEC-1.3-SOURCE-COMPARISON | SEC-2-MAPPING-AUDIT
MAP-product_reviews-02,product_reviews,order_id,both,productReviews[].orderID,/OperationsExport/ProductReviews/Review/Order_ID,Trim surrounding whitespace; preserve leading zeros and source case; output as string.,"Deduplicate within each source by review_id; compare normalised non-missing values for the same review_id across JSON and XML; require agreement, record any conflict in validation, and retain one canonical value.",SEC-1.1-JSON-PROFILE | SEC-1.2-XML-PROFILE | SEC-1.3-SOURCE-COMPARISON | SEC-2-MAPPING-AUDIT
MAP-product_reviews-03,product_reviews,order_item_id,both,productReviews[].orderItemID,/OperationsExport/ProductReviews/Review/Order_Item_ID,Trim surrounding whitespace; preserve leading zeros and source case; output as string.,"Deduplicate within each source by review_id; compare normalised non-missing values for the same review_id across JSON and XML; require agreement, record any conflict in validation, and retain one canonical value.",SEC-1.1-JSON-PROFILE | SEC-1.2-XML-PROFILE | SEC-1.3-SOURCE-COMPARISON | SEC-2-MAPPING-AUDIT
MAP-product_reviews-04,product_reviews,product_id,both,productReviews[].productID,/OperationsExport/ProductReviews/Review/Product_ID,Trim surrounding whitespace; preserve leading zeros and source case; output as string.,"Deduplicate within each source by review_id; compare normalised non-missing values for the same review_id across JSON and XML; require agreement, record any conflict in validation, and retain one canonical value.",SEC-1.1-JSON-PROFILE | SEC-1.2-XML-PROFILE | SEC-1.3-SOURCE-COMPARISON | SEC-2-MAPPING-AUDIT
MAP-product_reviews-05,product_reviews,customer_id,both,productReviews[].customerID,/OperationsExport/ProductReviews/Review/Customer_ID,Trim surrounding whitespace; preserve leading zeros and source case; output as string.,"Deduplicate within each source by review_id; compare normalised non-missing values for the same review_id across JSON and XML; require agreement, record any conflict in validation, and retain one canonical value.",SEC-1.1-JSON-PROFILE | SEC-1.2-XML-PROFILE | SEC-1.3-SOURCE-COMPARISON | SEC-2-MAPPING-AUDIT
MAP-product_reviews-06,product_reviews,review_timestamp,both,productReviews[].reviewTimestamp,/OperationsExport/ProductReviews/Review/Review_Timestamp,Parse the source-specific timestamp representation and format as YYYY-MM-DD HH:MM:SS.,"Deduplicate within each source by review_id; compare normalised non-missing values for the same review_id across JSON and XML; require agreement, record any conflict in validation, and retain one canonical value.",SEC-1.1-JSON-PROFILE | SEC-1.2-XML-PROFILE | SEC-1.3-SOURCE-COMPARISON | SEC-2-MAPPING-AUDIT
MAP-product_reviews-07,product_reviews,language_code,both,productReviews[].languageCode,/OperationsExport/ProductReviews/Review/Language_Code,Unicode NFC-normalise and trim surrounding whitespace; preserve the published identifier/category case.,"Deduplicate within each source by review_id; compare normalised non-missing values for the same review_id across JSON and XML; require agreement, record any conflict in validation, and retain one canonical value.",SEC-1.1-JSON-PROFILE | SEC-1.2-XML-PROFILE | SEC-1.3-SOURCE-COMPARISON | SEC-2-MAPPING-AUDIT
MAP-product_reviews-08,product_reviews,rating,both,productReviews[].rating,/OperationsExport/ProductReviews/Review/Rating,Convert to numeric without changing the field meaning; retain published precision unless a field rule requires rounding.,"Deduplicate within each source by review_id; compare normalised non-missing values for the same review_id across JSON and XML; require agreement, record any conflict in validation, and retain one canonical value.",SEC-1.1-JSON-PROFILE | SEC-1.2-XML-PROFILE | SEC-1.3-SOURCE-COMPARISON | SEC-2-MAPPING-AUDIT
MAP-product_reviews-09,product_reviews,review_title,both,productReviews[].reviewTitle,/OperationsExport/ProductReviews/Review/Review_Title,Unicode NFC-normalise and trim surrounding whitespace; preserve the published identifier/category case.,"Deduplicate within each source by review_id; compare normalised non-missing values for the same review_id across JSON and XML; require agreement, record any conflict in validation, and retain one canonical value.",SEC-1.1-JSON-PROFILE | SEC-1.2-XML-PROFILE | SEC-1.3-SOURCE-COMPARISON | SEC-2-MAPPING-AUDIT
MAP-product_reviews-10,product_reviews,review_body_clean,derived,productReviews[].reviewText,/OperationsExport/ProductReviews/Review/Review_Text,"Extract references from the raw structured review first, then run the published cleaning order; preserve multilingual UTF-8 letters, lower-case, and return literal NaN if empty.","Reconcile source inputs by review_id, recompute deterministically from canonical inputs, compare normalised JSON/XML results and any reported source value, and record mismatches in validation.",SEC-1.1-JSON-PROFILE | SEC-1.2-XML-PROFILE | SEC-1.3-SOURCE-COMPARISON | SEC-2-MAPPING-AUDIT
MAP-product_reviews-11,product_reviews,review_body_latin_analysis,derived,productReviews[].reviewText,/OperationsExport/ProductReviews/Review/Review_Text,"Build from review_body_clean; retain Latin-script letters including European diacritics plus applicable digits/punctuation, remove non-Latin letters, and return literal NaN when no Latin letter remains.","Reconcile source inputs by review_id, recompute deterministically from canonical inputs, compare normalised JSON/XML results and any reported source value, and record mismatches in validation.",SEC-1.1-JSON-PROFILE | SEC-1.2-XML-PROFILE | SEC-1.3-SOURCE-COMPARISON | SEC-2-MAPPING-AUDIT
MAP-product_reviews-12,product_reviews,verified_purchase,both,productReviews[].verifiedPurchase,/OperationsExport/ProductReviews/Review/Verified_Purchase,Keep JSON booleans; map XML boolean alternatives to Python bool; export as True or False.,"Deduplicate within each source by review_id; compare normalised non-missing values for the same review_id across JSON and XML; require agreement, record any conflict in validation, and retain one canonical value.",SEC-1.1-JSON-PROFILE | SEC-1.2-XML-PROFILE | SEC-1.3-SOURCE-COMPARISON | SEC-2-MAPPING-AUDIT
MAP-product_reviews-13,product_reviews,helpful_votes,both,productReviews[].helpfulVotes,/OperationsExport/ProductReviews/Review/Helpful_Votes,Convert to numeric without changing the field meaning; retain published precision unless a field rule requires rounding.,"Deduplicate within each source by review_id; compare normalised non-missing values for the same review_id across JSON and XML; require agreement, record any conflict in validation, and retain one canonical value.",SEC-1.1-JSON-PROFILE | SEC-1.2-XML-PROFILE | SEC-1.3-SOURCE-COMPARISON | SEC-2-MAPPING-AUDIT
MAP-product_reviews-14,product_reviews,review_length_chars,derived,productReviews[].reviewText,/OperationsExport/ProductReviews/Review/Review_Text,If review_body_clean is literal NaN return 0; otherwise count Python characters in review_body_clean.,"Reconcile source inputs by review_id, recompute deterministically from canonical inputs, compare normalised JSON/XML results and any reported source value, and record mismatches in validation.",SEC-1.1-JSON-PROFILE | SEC-1.2-XML-PROFILE | SEC-1.3-SOURCE-COMPARISON | SEC-2-MAPPING-AUDIT
MAP-product_reviews-15,product_reviews,review_word_count,derived,productReviews[].reviewText,/OperationsExport/ProductReviews/Review/Review_Text,If review_body_clean is literal NaN return 0; otherwise count whitespace-separated tokens in review_body_clean.,"Reconcile source inputs by review_id, recompute deterministically from canonical inputs, compare normalised JSON/XML results and any reported source value, and record mismatches in validation.",SEC-1.1-JSON-PROFILE | SEC-1.2-XML-PROFILE | SEC-1.3-SOURCE-COMPARISON | SEC-2-MAPPING-AUDIT
MAP-product_reviews-16,product_reviews,contains_non_latin_script,derived,productReviews[].reviewText,/OperationsExport/ProductReviews/Review/Review_Text,"Run contains_non_latin_script on review_body_clean; return True when any letter is outside the Latin script, otherwise False; do not equate non-ASCII with non-Latin.","Reconcile source inputs by review_id, recompute deterministically from canonical inputs, compare normalised JSON/XML results and any reported source value, and record mismatches in validation.",SEC-1.1-JSON-PROFILE | SEC-1.2-XML-PROFILE | SEC-1.3-SOURCE-COMPARISON | SEC-2-MAPPING-AUDIT
MAP-product_reviews-17,product_reviews,extracted_order_reference,derived,productReviews[].reviewText,/OperationsExport/ProductReviews/Review/Review_Text,Extract a bounded HORD or CORD followed by exactly six digits from the raw structured review; return upper case or literal NaN.,"Reconcile source inputs by review_id, recompute deterministically from canonical inputs, compare normalised JSON/XML results and any reported source value, and record mismatches in validation.",SEC-1.1-JSON-PROFILE | SEC-1.2-XML-PROFILE | SEC-1.3-SOURCE-COMPARISON | SEC-2-MAPPING-AUDIT
MAP-product_reviews-18,product_reviews,extracted_product_sku,derived,productReviews[].reviewText,/OperationsExport/ProductReviews/Review/Review_Text,Extract a bounded SKU- followed by one or more ASCII letters/digits from the raw structured review; return upper case or literal NaN.,"Reconcile source inputs by review_id, recompute deterministically from canonical inputs, compare normalised JSON/XML results and any reported source value, and record mismatches in validation.",SEC-1.1-JSON-PROFILE | SEC-1.2-XML-PROFILE | SEC-1.3-SOURCE-COMPARISON | SEC-2-MAPPING-AUDIT
MAP-product_reviews-19,product_reviews,delivery_experience,both,productReviews[].deliveryExperience,/OperationsExport/ProductReviews/Review/Delivery_Experience,Unicode NFC-normalise and trim surrounding whitespace; preserve the published identifier/category case.,"Deduplicate within each source by review_id; compare normalised non-missing values for the same review_id across JSON and XML; require agreement, record any conflict in validation, and retain one canonical value.",SEC-1.1-JSON-PROFILE | SEC-1.2-XML-PROFILE | SEC-1.3-SOURCE-COMPARISON | SEC-2-MAPPING-AUDIT
MAP-product_reviews-20,product_reviews,value_experience,both,productReviews[].valueExperience,/OperationsExport/ProductReviews/Review/Value_Experience,Unicode NFC-normalise and trim surrounding whitespace; preserve the published identifier/category case.,"Deduplicate within each source by review_id; compare normalised non-missing values for the same review_id across JSON and XML; require agreement, record any conflict in validation, and retain one canonical value.",SEC-1.1-JSON-PROFILE | SEC-1.2-XML-PROFILE | SEC-1.3-SOURCE-COMPARISON | SEC-2-MAPPING-AUDIT
MAP-product_reviews-21,product_reviews,writing_style,both,productReviews[].writingStyle,/OperationsExport/ProductReviews/Review/Writing_Style,Unicode NFC-normalise and trim surrounding whitespace; preserve the published identifier/category case.,"Deduplicate within each source by review_id; compare normalised non-missing values for the same review_id across JSON and XML; require agreement, record any conflict in validation, and retain one canonical value.",SEC-1.1-JSON-PROFILE | SEC-1.2-XML-PROFILE | SEC-1.3-SOURCE-COMPARISON | SEC-2-MAPPING-AUDIT
